{"cameraMode":{"drawMode":0,"name":"Shaded","section":"Shading Mode"},"sceneLighting":false,"audioPlay":false,"sceneViewState":{"m_AlwaysRefresh":false,"showFog":true,"showSkybox":false,"showFlares":true,"showImageEffects":true,"showParticleSystems":true,"showVisualEffectGraphs":true,"m_FxEnabled":true},"in2DMode":false,"pivot":{"x":289.387451171875,"y":204.1202850341797,"z":114.6520004272461},"rotation":{"x":-0.020101649686694146,"y":0.025789031758904458,"z":-0.0005189983639866114,"w":-0.9994819760322571},"size":263.6753234863281,"orthographic":false}