{"cameraMode":{"drawMode":0,"name":"Shaded","section":"Shading Mode"},"sceneLighting":false,"audioPlay":false,"sceneViewState":{"m_AlwaysRefresh":false,"showFog":true,"showSkybox":false,"showFlares":true,"showImageEffects":true,"showParticleSystems":true,"showVisualEffectGraphs":true,"m_FxEnabled":true},"in2DMode":false,"pivot":{"x":259.58050537109377,"y":191.22671508789063,"z":1.5443177223205567},"rotation":{"x":-0.09001941978931427,"y":-0.8904493451118469,"z":0.2016197293996811,"w":-0.39823979139328005},"size":0.31078436970710757,"orthographic":false}