{"cameraMode":{"drawMode":0,"name":"Shaded","section":"Shading Mode"},"sceneLighting":false,"audioPlay":false,"sceneViewState":{"m_AlwaysRefresh":false,"showFog":true,"showSkybox":false,"showFlares":true,"showImageEffects":true,"showParticleSystems":true,"showVisualEffectGraphs":true,"m_FxEnabled":true},"in2DMode":false,"pivot":{"x":269.0204772949219,"y":187.37635803222657,"z":11.837845802307129},"rotation":{"x":-0.027304206043481828,"y":-0.012598461471498013,"z":0.000344435014994815,"w":-0.9995632171630859},"size":164.01300048828126,"orthographic":false}