{"cameraMode":{"drawMode":0,"name":"Shaded","section":"Shading Mode"},"sceneLighting":false,"audioPlay":false,"sceneViewState":{"m_AlwaysRefresh":false,"showFog":true,"showSkybox":false,"showFlares":true,"showImageEffects":true,"showParticleSystems":true,"showVisualEffectGraphs":true,"m_FxEnabled":true},"in2DMode":false,"pivot":{"x":-14.210474014282227,"y":27.694644927978517,"z":-40.2599983215332},"rotation":{"x":-0.02730163186788559,"y":0.0185889583081007,"z":-0.0005081826238892973,"w":-0.9994694590568543},"size":1.2247449159622193,"orthographic":false}